# Games from Wikipedia's 'List of video games listed among the best' — a sourced,
# cited canon rather than a star rating. Checked against your server and the
# Super Game HDD.
status	year	game	where	path_on_drive
have	1977	Combat	arcade	
have	1978	Space Invaders	gb	
have	1979	Asteroids	arcade	
have	1980	Battlezone	arcade	
have	1980	Missile Command	arcade	
have	1980	Pac-Man	gamegear	
have	1981	Centipede	arcade	
have	1981	Defender	arcade	
have	1981	Donkey Kong	arcade	
have	1981	Frogger	arcade	
have	1981	Galaga	arcade	
have	1981	Tempest	arcade	
have	1981	Wizardry: Proving Grounds of the Mad Overlord	nes	
have	1982	Joust	arcade	
have	1982	Ms. Pac-Man	arcade	
have	1982	Robotron: 2084	arcade	
have	1983	Lode Runner	arcade	
have	1983	M.U.L.E.	nes	
have	1983	Star Wars	arcade	
have	1984	Tetris	arcade	
have	1984	Marble Madness	gamegear	
have	1985	Gauntlet	arcade	
have	1985	Ghosts 'n Goblins	arcade	
have	1985	Super Mario Bros.	nes	
have	1986	Arkanoid	arcade	
have	1986	Bubble Bobble	arcade	
have	1986	The Legend of Zelda	nes	
have	1986	Metroid	nes	
have	1986	Out Run	arcade	
have	1987	Contra	arcade	
have	1987	Double Dragon	arcade	
have	1987	Mike Tyson's Punch-Out!!	nes	
have	1987	R-Type	arcade	
have	1987	Sid Meier's Pirates!	nes	
have	1988	Mega Man 2	nes	
have	1988	Ninja Gaiden	arcade	
have	1988	Super Mario Bros. 3	nes	
have	1989	Final Fight	arcade	
have	1989	Populous	mastersystem	
have	1989	Prince of Persia	gamegear	
have	1989	SimCity	snes	
have	1990	Pilotwings	snes	
have	1990	Speedball 2: Brutal Deluxe	gb	
have	1990	Super Mario World	snes	
have	1991	The Legend of Zelda: A Link to the Past	snes	
have	1991	Lemmings	arcade	
have	1991	Micro Machines	gamegear	
have	1991	Sonic the Hedgehog	gamegear	
have	1991	Street Fighter II	gb	
have	1991	Super Castlevania IV	snes	
have	1992	Contra III: The Alien Wars	snes	
have	1992	Mortal Kombat	arcade	
have	1992	Sensible Soccer	megadrive	
have	1992	Sonic the Hedgehog 2	gamegear	
have	1992	Streets of Rage 2	gamegear	
have	1992	Super Mario Kart	snes	
have	1992	Virtua Racing	megadrive	
have	1992	Wolfenstein 3D	gba	
have	1993	Doom	snes	
have	1993	Gunstar Heroes	gamegear	
have	1993	The Legend of Zelda: Link's Awakening	gb	
have	1993	Mega Man X	snes	
have	1993	Mortal Kombat II	gamegear	
have	1993	NBA Jam	arcade	
have	1993	Ridge Racer	psp	
have	1993	Secret of Mana	snes	
have	1993	Samurai Shodown	arcade	
have	1993	SimCity 2000	gba	
have	1993	Star Fox	snes	
have	1993	Syndicate	megadrive	
have	1994	Donkey Kong Country	gba	
have	1994	EarthBound	snes	
have	1994	Puzzle Bobble	arcade	
have	1994	Super Metroid	snes	
have	1994	Theme Park	megadrive	
have	1994	Virtua Fighter 2	megadrive	
have	1995	Chrono Trigger	nds	
have	1995	Sega Rally Championship	gba	
have	1995	Worms	gb	
have	1996	Duke Nukem 3D	megadrive	
have	1996	PaRappa the Rapper	psp	
have	1996	Super Mario 64	n64	
have	1997	Castlevania: Symphony of the Night	psx	
have	1997	Final Fantasy VII	famicom	
have	1997	GoldenEye 007	n64	
have	1997	Gran Turismo	psp	
have	1997	Grand Theft Auto	gbc	
have	1997	Star Fox 64	n64	
have	1997	Tekken 3	psx	
have	1998	Banjo-Kazooie	n64	
have	1998	Crash Bandicoot: Warped	psx	
have	1998	The Legend of Zelda: Ocarina of Time	n64	
have	1998	Metal Gear Solid	psx	
have	1998	Soulcalibur	dc	
have	1999	Crazy Taxi	dc	
have	1999	Final Fantasy VIII	psx	
have	1999	Gran Turismo 2	psx	
have	1999	Shenmue	dc	
have	1999	Silent Hill	psx	
have	1999	Tony Hawk's Pro Skater	gb	
have	2000	Final Fantasy IX	psx	
have	2000	The Legend of Zelda: Majora's Mask	n64	
have	2000	Perfect Dark	gbc	
have	2000	Tony Hawk's Pro Skater 2	gba	
have	2000	Vagrant Story	psx	
have	2001	Advance Wars	gba	
have	2001	Ikaruga	ngc	
have	2001	Max Payne	gba	
have	2001	Rez	dc	
have	2001	Super Smash Bros. Melee	ngc	
have	2001	Tony Hawk's Pro Skater 3	gba	
have	2002	Eternal Darkness: Sanity's Requiem	ngc	
have	2002	The Legend of Zelda: The Wind Waker	ngc	
have	2002	Metroid Prime	ngc	
have	2002	Tom Clancy's Splinter Cell	gba	
have	2003	Beyond Good & Evil	ngc	
have	2003	F-Zero GX	ngc	
have	2003	Prince of Persia: The Sands of Time	gba	
have	2004	Lumines: Puzzle Fusion	psp	
have	2004	The Sims 2	gba	
have	2005	Resident Evil 4	ngc	
have	2006	The Legend of Zelda: Twilight Princess	ngc	
have	2007	The World Ends with You	nds	
have	2008	LittleBigPlanet	psp	
have	2012	Journey	arcade	
on_disk	1972	Pong	amiga500	./roms/Pong.zip
on_disk	1980	Adventure	atari2600	./roms/Adventure 2 (USA).zip
on_disk	1982	Pitfall!	atari5200	./roms/Pitfall! (USA).zip
on_disk	1982	Pole Position	atari2600	./roms/Pole Position (USA).zip
on_disk	1984	Elite	amiga500	./roms/Elite.zip
on_disk	1987	Dungeon Master	amiga500	./roms/Dungeon Master.zip
on_disk	1987	Head over Heels	amiga500	./roms/Head Over Heels.zip
on_disk	1990	Wing Commander	c64	./roms/Wing Commander (Europe).zip
on_disk	1991	Another World	atarist	./roms/Another World.zip
on_disk	1991	Civilization	amiga500	./roms/Civilization.zip
on_disk	1991	Final Fantasy IV	nds	./roms/Final Fantasy IV (USA).7z
on_disk	1991	Monkey Island 2: LeChuck's Revenge	amiga500	./roms/Monkey Island 2  LeChuck's Revenge.zip
on_disk	1992	Flashback	3do	./roms/USA/Flashback - The Quest for Identity (USA).chd
on_disk	1992	Star Control II	3do	./roms/USA/Star Control II (USA, Europe).chd
on_disk	1993	Myst	3do	./roms/USA/Myst (USA).chd
on_disk	1993	Phantasy Star IV	megadrive	./roms/Europe/Phantasy Star IV (Europe).7z
on_disk	1994	Daytona USA	dreamcast	./roms/Daytona USA (USA).chd
on_disk	1994	Doom II	gba	./roms/Doom II (USA).zip
on_disk	1994	Final Fantasy VI	psx	./roms/Final Fantasy VI (Europe, Australia).chd
on_disk	1994	Tempest 2000	jaguar	./roms/Tempest 2000 (World).zip
on_disk	1994	X-COM: UFO Defense	psx	./roms/X-Com - UFO Defense (USA).chd
on_disk	1995	Command & Conquer	n64	./roms/USA/Command & Conquer (USA).zip
on_disk	1995	Wipeout	c64	./roms/Wipeout (USA).zip
on_disk	1996	Civilization II	psx	./roms/Civilization II (USA).chd
on_disk	1996	Command & Conquer: Red Alert	psx	./roms/Command & Conquer - Red Alert (USA) (Disc 2).chd
on_disk	1996	Mario Kart 64	n64	./roms/Europe/Mario Kart 64 (Europe) (Rev A).zip
on_disk	1996	Nights into Dreams	saturn	./roms/Nights Into Dreams... (USA).chd
on_disk	1996	Quake	n64	./roms/USA/Quake 64 (USA).zip
on_disk	1996	Resident Evil	gamecube	./roms/Resident Evil (USA) (Disc 2).rvz
on_disk	1996	Tomb Raider	gbc	./roms/Tomb Raider (USA, Europe).zip
on_disk	1996	Wave Race 64	n64	./roms/USA/Wave Race 64 (USA).7z
on_disk	1996	Wipeout 2097	saturn	./roms/WipEout 2097 (Europe).chd
on_disk	1997	Diablo	c64	./roms/Diablo (Europe).zip
on_disk	1997	Final Fantasy Tactics	psx	./roms/Final Fantasy Tactics (USA).chd
on_disk	1997	Quake II	n64	./roms/USA/Quake II (USA).zip
on_disk	1998	Baldur's Gate	psx	./roms/Baldur's Gate (USA) (Proto) (Disc 3).chd
on_disk	1998	Dance Dance Revolution	psx	./roms/Dance Dance Revolution (USA).chd
on_disk	1998	Panzer Dragoon Saga	saturn	./roms/Panzer Dragoon Saga (USA) (Disc 4).chd
on_disk	1998	Resident Evil 2	dreamcast	./roms/Resident Evil 2 (USA) (Disc 1).chd
on_disk	1998	Suikoden II	psx	./roms/Suikoden II (USA).chd
on_disk	1998	Xenogears	psx	./roms/Xenogears (USA) (Disc 2).chd
on_disk	1999	Quake III Arena	dreamcast	./roms/Quake III Arena (USA).chd
on_disk	1999	Unreal Tournament	dreamcast	./roms/Unreal Tournament (USA).chd
on_disk	2000	Jet Set Radio	dreamcast	./roms/Jet Set Radio (Europe).chd
on_disk	2000	Skies of Arcadia	dreamcast	./roms/Skies of Arcadia (USA) (Disc 1).chd
on_disk	2001	Animal Crossing	gamecube	./roms/Animal Crossing (USA).rvz
on_disk	2001	Devil May Cry	ps2	./roms/USA/Devil May Cry (USA).chd
on_disk	2001	Grand Theft Auto III	ps2	./roms/USA/Grand Theft Auto III (USA).chd
on_disk	2001	Ico	ps2	./roms/USA/ICO (Europe).chd
on_disk	2001	Phoenix Wright: Ace Attorney	nds	./roms/Phoenix Wright - Ace Attorney (USA).7z
on_disk	2001	Silent Hill 2	ps2	./roms/USA/Silent Hill 2 (USA).chd
on_disk	2002	Grand Theft Auto: Vice City	ps2	./roms/USA/Grand Theft Auto - Vice City (USA).chd
on_disk	2002	Soulcalibur II	gamecube	./roms/Soul Calibur II (USA).rvz
on_disk	2004	Burnout 3: Takedown	ps2	./roms/USA/Burnout 3 - Takedown (USA).chd
on_disk	2004	Grand Theft Auto: San Andreas	ps2	./roms/USA/Grand Theft Auto - San Andreas (USA).chd
on_disk	2005	Psychonauts	ps2	./roms/USA/Psychonauts (USA).chd
on_disk	2005	Tom Clancy's Splinter Cell: Chaos Theory	nds	./roms/Tom Clancy's Splinter Cell - Chaos Theory (USA).7z
on_disk	2006	Hitman: Blood Money	ps2	./roms/USA/Hitman - Blood Money (USA).chd
on_disk	2006	Wii Sports	wii	./roms/Wii Sports (USA).wbfs
on_disk	2007	Call of Duty 4: Modern Warfare	nds	./roms/Call of Duty 4 - Modern Warfare (USA).7z
on_disk	2007	Halo 3	xbox360	./roms/Halo 3.iso
on_disk	2007	Peggle	psp	./roms/Peggle (USA).cso
on_disk	2007	Portal	amiga500	./roms/Portal.zip
on_disk	2007	Super Mario Galaxy	wii	./roms/Super Mario Galaxy (USA).wbfs
on_disk	2008	Dead Space	ps3	./roms/Dead Space.ps3
on_disk	2008	Gears of War 2	xbox360	./roms/Gears of War 2.iso
on_disk	2008	Super Smash Bros. Brawl	wii	./roms/Super Smash Bros. Brawl (USA).wbfs
on_disk	2009	Angry Birds	genesish	./roms/Angry Birds.zip
on_disk	2009	Batman: Arkham Asylum	ps3	./roms/Batman Arkham Asylum (USA).ps3
on_disk	2009	Bayonetta	ps3	./roms/BAYONETTA.ps3
on_disk	2009	Demon's Souls	ps3	./roms/Demon's Souls.ps3
on_disk	2009	Plants vs. Zombies	nds	./roms/Plants vs. Zombies (USA).zip
on_disk	2009	Uncharted 2: Among Thieves	ps3	./roms/Uncharted 2 - Among Thieves.ps3
on_disk	2010	Mass Effect 2	ps3	./roms/Mass Effect 2 (USA  JAPAN).ps3
on_disk	2010	Red Dead Redemption	switch	./roms/Red Dead Redemption.xci
on_disk	2010	Rock Band 3	nds	./roms/Rock Band 3 (USA).zip
on_disk	2010	Super Mario Galaxy 2	wii	./roms/Super Mario Galaxy 2 (USA).wbfs
on_disk	2012	Borderlands 2	ps3	./roms/Borderlands2.ps3
on_disk	2012	Fire Emblem Awakening	3ds	./roms/Fire Emblem - Awakening (USA).7z
on_disk	2012	XCOM: Enemy Unknown	ps3	./roms/XCOM Enemy Unknown.ps3
on_disk	2013	Tomb Raider	gbc	./roms/Tomb Raider (USA, Europe).zip
on_disk	2014	Destiny	c64	./roms/Destiny (USA).zip
on_disk	2014	Mario Kart 8	wiiu	./roms/TURBO (US).wua
on_disk	2014	Shovel Knight	3ds	./roms/Shovel Knight (USA).7z
on_disk	2015	Undertale	switch	./roms/Undertale.nsp
on_disk	2017	Hollow Knight	switch	./roms/Hollow Knight.xci
on_disk	2017	Super Mario Odyssey	snes-msu	./roms/Super Mario Odyssey (USA) (MSU1) [i] [n].zip
on_disk	2018	Celeste	switch	./roms/Celeste.xci
on_disk	2018	Super Smash Bros. Ultimate	switch	./roms/Super Smash Bros Ultimate.xci
on_disk	2020	Animal Crossing: New Horizons	switch	./roms/Animal Crossing - New Horizons (World).xci
on_disk	2020	Hades	switch	./roms/Hades.xci
source_elsewhere	1971	The Oregon Trail		
source_elsewhere	1977	Zork		
source_elsewhere	1983	Archon: The Light and the Dark	Atari 8-bit	
source_elsewhere	1985	A Mind Forever Voyaging		
source_elsewhere	1985	Ultima IV: Quest of the Avatar		
source_elsewhere	1990	The Secret of Monkey Island		
source_elsewhere	1992	Alone in the Dark		
source_elsewhere	1992	Dune II		
source_elsewhere	1992	Indiana Jones and the Fate of Atlantis		
source_elsewhere	1992	Ultima VII: The Black Gate		
source_elsewhere	1993	Day of the Tentacle		
source_elsewhere	1993	Sam & Max Hit the Road		
source_elsewhere	1994	Sensible World of Soccer	Amiga	
source_elsewhere	1994	Star Wars: TIE Fighter		
source_elsewhere	1995	MechWarrior 2: 31st Century Combat		
source_elsewhere	1995	Warcraft II: Tides of Darkness		
source_elsewhere	1995	Yoshi's Island	Super NES	
source_elsewhere	1996	Pokémon Red and Blue	Game Boy	
source_elsewhere	1997	Age of Empires		
source_elsewhere	1997	Fallout		
source_elsewhere	1997	Star Wars Jedi Knight: Dark Forces II		
source_elsewhere	1997	Total Annihilation		
source_elsewhere	1997	Ultima Online		
source_elsewhere	1998	Fallout 2		
source_elsewhere	1998	Grim Fandango		
source_elsewhere	1998	Half-Life		
source_elsewhere	1998	StarCraft		
source_elsewhere	1998	Thief: The Dark Project		
source_elsewhere	1999	Age of Empires II		
source_elsewhere	1999	EverQuest		
source_elsewhere	1999	Freespace 2		
source_elsewhere	1999	Heroes of Might and Magic III		
source_elsewhere	1999	Homeworld		
source_elsewhere	1999	Planescape: Torment		
source_elsewhere	1999	Pokémon Gold and Silver	Game Boy Color	
source_elsewhere	1999	System Shock 2		
source_elsewhere	2000	Baldur's Gate II: Shadows of Amn		
source_elsewhere	2000	Counter-Strike		
source_elsewhere	2000	Deus Ex		
source_elsewhere	2000	Diablo II		
source_elsewhere	2000	Marvel vs. Capcom 2: New Age of Heroes	Arcade	
source_elsewhere	2000	The Sims		
source_elsewhere	2000	Thief II: The Metal Age		
source_elsewhere	2001	Final Fantasy X		
source_elsewhere	2001	Gran Turismo 3: A-Spec		
source_elsewhere	2001	Halo: Combat Evolved		
source_elsewhere	2001	Metal Gear Solid 2: Sons of Liberty		
source_elsewhere	2002	Battlefield 1942		
source_elsewhere	2002	The Elder Scrolls III: Morrowind		
source_elsewhere	2002	Kingdom Hearts		
source_elsewhere	2002	Warcraft III: Reign of Chaos		
source_elsewhere	2003	Max Payne 2: The Fall of Max Payne		
source_elsewhere	2003	Star Wars: Knights of the Old Republic		
source_elsewhere	2003	WarioWare, Inc.: Mega Microgames!	Game Boy Advance	
source_elsewhere	2004	The Chronicles of Riddick: Escape from Butcher Bay		
source_elsewhere	2004	Dragon Quest VIII		
source_elsewhere	2004	Gran Turismo 4		
source_elsewhere	2004	Half-Life 2		
source_elsewhere	2004	Halo 2		
source_elsewhere	2004	Katamari Damacy		
source_elsewhere	2004	Metal Gear Solid 3: Snake Eater		
source_elsewhere	2004	Rome: Total War		
source_elsewhere	2004	World of Warcraft		
source_elsewhere	2005	Battlefield 2		
source_elsewhere	2005	Call of Duty 2		
source_elsewhere	2005	Civilization IV		
source_elsewhere	2005	Devil May Cry 3: Dante's Awakening		
source_elsewhere	2005	God of War		
source_elsewhere	2005	Guitar Hero		
source_elsewhere	2005	Kingdom Hearts II		
source_elsewhere	2005	Shadow of the Colossus		
source_elsewhere	2006	Company of Heroes		
source_elsewhere	2006	The Elder Scrolls IV: Oblivion		
source_elsewhere	2006	Gears of War		
source_elsewhere	2006	Ōkami		
source_elsewhere	2007	BioShock		
source_elsewhere	2007	God of War II		
source_elsewhere	2007	Mass Effect		
source_elsewhere	2007	Rock Band		
source_elsewhere	2007	Team Fortress 2		
source_elsewhere	2008	Braid		
source_elsewhere	2008	Burnout Paradise		
source_elsewhere	2008	Fable II		
source_elsewhere	2008	Fallout 3		
source_elsewhere	2008	Grand Theft Auto IV		
source_elsewhere	2008	Left 4 Dead		
source_elsewhere	2008	Persona 4		
source_elsewhere	2008	Rock Band 2		
source_elsewhere	2008	Spelunky		
source_elsewhere	2008	Street Fighter IV	Arcade	
source_elsewhere	2008	Valkyria Chronicles		
source_elsewhere	2009	Assassin's Creed II		
source_elsewhere	2009	Borderlands		
source_elsewhere	2009	Dragon Age: Origins		
source_elsewhere	2009	League of Legends		
source_elsewhere	2009	Left 4 Dead 2		
source_elsewhere	2009	The Sims 3		
source_elsewhere	2010	Civilization V		
source_elsewhere	2010	Fallout: New Vegas		
source_elsewhere	2010	God of War III		
source_elsewhere	2010	Heavy Rain		
source_elsewhere	2010	Limbo		
source_elsewhere	2010	StarCraft II: Wings of Liberty		
source_elsewhere	2010	Super Meat Boy		
source_elsewhere	2010	Xenoblade Chronicles		
source_elsewhere	2011	Batman: Arkham City		
source_elsewhere	2011	Dark Souls		
source_elsewhere	2011	The Elder Scrolls V: Skyrim		
source_elsewhere	2011	Minecraft		
source_elsewhere	2011	Portal 2		
source_elsewhere	2012	Counter-Strike: Global Offensive		
source_elsewhere	2012	Dishonored		
source_elsewhere	2012	Far Cry 3		
source_elsewhere	2012	Hotline Miami		
source_elsewhere	2012	The Walking Dead		
source_elsewhere	2013	Assassin's Creed IV: Black Flag		
source_elsewhere	2013	BioShock Infinite		
source_elsewhere	2013	Dota 2		
source_elsewhere	2013	Final Fantasy XIV: A Realm Reborn		
source_elsewhere	2013	Grand Theft Auto V		
source_elsewhere	2013	The Last of Us		
source_elsewhere	2013	Papers, Please		
source_elsewhere	2013	The Stanley Parable		
source_elsewhere	2014	Alien: Isolation		
source_elsewhere	2014	Hearthstone		
source_elsewhere	2015	Bloodborne		
source_elsewhere	2015	Life Is Strange		
source_elsewhere	2015	Metal Gear Solid V: The Phantom Pain		
source_elsewhere	2015	Rocket League		
source_elsewhere	2015	The Witcher 3: Wild Hunt		
source_elsewhere	2016	Dishonored 2		
source_elsewhere	2016	Inside		
source_elsewhere	2016	Overwatch		
source_elsewhere	2016	Persona 5		
source_elsewhere	2016	Stardew Valley		
source_elsewhere	2016	Uncharted 4: A Thief's End		
source_elsewhere	2016	The Witness		
source_elsewhere	2017	Divinity: Original Sin II		
source_elsewhere	2017	Fortnite		
source_elsewhere	2017	Horizon Zero Dawn		
source_elsewhere	2017	The Legend of Zelda: Breath of the Wild		
source_elsewhere	2018	God of War		
source_elsewhere	2018	Red Dead Redemption 2		
source_elsewhere	2018	Return of the Obra Dinn		
source_elsewhere	2019	Disco Elysium		
source_elsewhere	2019	Outer Wilds		
source_elsewhere	2020	The Last of Us Part II		
source_elsewhere	2022	Elden Ring		
source_elsewhere	2023	Baldur's Gate 3		
