romset	core that runs it
005.zip	mame2003_plus
25pacman.zip	mame
280zzzap.zip	mame2003_plus
40love.zip	mame2003_plus
720.zip	mame2003_plus
8ballact.zip	mame2003_plus
9ballsht.zip	mame2003_plus
acrobatm.zip	mame2003_plus
alienar.zip	mame2003_plus
alleymas.zip	mame2003_plus
altair.zip	mame
apache3.zip	mame
aquarush.zip	mame2003_plus
armchmp2.zip	mame
astrob.zip	mame2003_plus
astrof.zip	mame2003_plus
asylum.zip	mame2003_plus
ataxx.zip	mame2003_plus
avalnche.zip	mame2003_plus
balonfgt.zip	mame2003_plus
bang.zip	mame2003_plus
baraduke.zip	mame2003_plus
barrier.zip	mame2003_plus
basebal2.zip	mame2003_plus
battlcry.zip	mame2003_plus
battleg.zip	mame2003_plus
battlera.zip	mame2003_plus
beathead.zip	mame2003_plus
beezer.zip	mame2003_plus
bigfight.zip	mame2003_plus
bioship.zip	mame2003_plus
bking.zip	mame2003_plus
bking2.zip	mame2003_plus
blazlaz.zip	mame
blkheart.zip	mame2003_plus
bloodstm.zip	mame2003_plus
bnstars1.zip	mame
boothill.zip	mame2003_plus
bosco.zip	mame2003_plus
brutforc.zip	mame2003_plus
btlecity.zip	mame2003_plus
bubbletr.zip	mame
bubsys.zip	mame
bwing.zip	mame2003_plus
cclimber.zip	mame2003_plus
cerberus.zip	mame2003_plus
challeng.zip	mame2003_plus
champbwl.zip	mame
chboxing.zip	mame2003_plus
chwrestl.zip	mame2003_plus
cosmica.zip	mame2003_plus
cosmicg.zip	mame2003_plus
cosmo.zip	mame2003_plus
countryc.zip	mame2003_plus
crater.zip	mame2003_plus
crgolf.zip	mame2003_plus
crgolfhi.zip	mame
cshift.zip	mame2003_plus
csprint.zip	mame2003_plus
cyberbal.zip	mame2003_plus
cyclwarr.zip	mame2003_plus
dadandrn.zip	mame2003_plus
dangerz.zip	mame2003_plus
dealer.zip	mame
decocass.zip	mame
destryer.zip	mame
diamond.zip	mame2003_plus
dragoonj.zip	mame2003_plus
eeekk.zip	mame2003_plus
equites.zip	mame2003_plus
ffight2b.zip	mame
fsoccer.zip	mame
gcpinbal.zip	mame2003_plus
gng.zip	mame2003_plus
gokuparo.zip	mame2003_plus
gollygho.zip	mame2003_plus
guardian.zip	mame2003_plus
gunnail.zip	mame2003_plus
hachamf.zip	mame2003_plus
hero.zip	mame2003_plus
histryma.zip	mame2003_plus
hunchbak.zip	mame2003_plus
huncholy.zip	mame2003_plus
igmo.zip	mame2003_plus
ixion.zip	mame2003_plus
jongpute.zip	mame
ktiger.zip	mame2003_plus
macross.zip	mame2003_plus
mario.zip	mame2003_plus
matchit.zip	mame2003_plus
megadon.zip	mame2003_plus
moo.zip	mame2003_plus
moonwlkb.zip	mame2003_plus
mustang.zip	mame2003_plus
neocdz.zip	mame
neogeo.zip	mame
nspirit.zip	mame2003_plus
paddlema.zip	mame2003_plus
pgm.zip	mame
progear.zip	mame2003_plus
raphero.zip	mame2003_plus
razmataz.zip	mame2003_plus
recalh.zip	mame2003_plus
reikaids.zip	mame2003_plus
ryukendn.zip	mame2003_plus
salmndr2.zip	mame2003_plus
sbm.zip	mame
sexyparo.zip	mame2003_plus
sf1.zip	mame2003_plus
skns.zip	mame
slyspy.zip	mame2003_plus
spidey.zip	mame2003_plus
ssprint.zip	mame2003_plus
ssrdrebc.zip	mame2003_plus
suprglob.zip	mame2003_plus
tattass.zip	mame2003_plus
tbyahhoo.zip	mame2003_plus
tdfever.zip	mame2003_plus
tdragon.zip	mame2003_plus
tmnt22p.zip	mame2003_plus
valkyrie.zip	mame2003_plus
vandyke.zip	mame2003_plus
warlords.zip	mame2003_plus
wizzquiz.zip	mame
xmen2p.zip	mame2003_plus
