# Same game, different name: regional titles, subtitles, punctuation.
# Nothing to fix unless you prefer the emulator's wording.
romset	your label	what the emulator calls it
4in1boot.zip	Puzzle King (Dance & Puzzle)	Puzzle King (PacMan 2, Tetris, HyperMan 2, Snow Bros.)
armedf.zip	Armed Formation	Armed F (Japan)
bbmanw.zip	New Atomic Punk - Global Quest	Bomber Man World / New Dyna Blaster - Global Quest
bigprowr.zip	Tag Team Wrestling	The Big Pro Wrestling! (set 1)
bishi.zip	Bishi Bashi Championship Mini Game Senshuken	Bishi Bashi Champ Mini Game Senshuken (ver JAA, 3 Players)
bonkadv.zip	Bonk's Adventure - Arcade Version	B.C. Kid (Europe) / Bonk's Adventure: Arcade Version (US, China, Korea) / Kyukyoku!! PC Genjin: Special Arcade Version (Japan)
bublbob2.zip	Bubble Symphony	Bubble Bobble II (Ver 2.6O 1994/12/16)
bwings.zip	Battle Wings	B-Wings (Japan new Ver.)
cbuster.zip	Two Crude	Crude Buster (World FX version)
chelnov.zip	Chelnov - Atomic Runner	Atomic Runner Chelnov (World)
cotton.zip	Cotton: Fantastic Night Dreams	Cotton (set 4, World) (FD1094 317-0181a)
cphd.zip	Crouching Pony Hidden Dragon	Crouching Poney Hidden Dragon (HB, Demo)
cps1demo.zip	ZZZ(notgame):Chaos Demo	Chaos Demo (CPS-1)
crswd2bl.zip	Crossed Swords II	Crossed Swords 2 (bootleg of CD version)
ctsttape.zip	ZZZ(notgame):Test Tape	Test Tape (DECO Cassette) (US)
ddp3.zip	DoDonPachi DaiOuJou	DoDonPachi III (World, 2002.05.15 Master Ver)
ddpdfk.zip	DoDonPachi Resurrection	DoDonPachi Dai-Fukkatsu Ver 1.5 (2008/06/23 MASTER VER 1.5)
decomult.zip	ZZZ(notgame):Deco Cassette System Multigame	DECO Cassette System ROM Multigame (David Widel)
drgnunit.zip	Castle of Dragon	Dragon Unit / Castle of Dragon
dwpc.zip	Chuugokuryuu Pretty Chance [dragon World Pretty Chance]	Zhongguo Long Pretty Chance [Dragon World Pretty Chance] (V110 03/19/02 11:13:16, China)
eswat.zip	E-swat - Cyber Police	Cyber Police ESWAT (set 4, World) (FD1094 317-0130)
fantzn2x.zip	Fantasy Zone II - The Tears of Opa-Opa (2008)	Fantasy Zone II - The Tears of Opa-Opa (System 16C version)
fshark.zip	Sky Shark	Flying Shark (World)
gaunt2.zip	Gauntlet 2	Gauntlet II
gogomile.zip	Go Go! Mile Smile	Susume! Mile Smile / Go Go! Mile Smile (newer)
jojobar1.zip	JoJo's Bizarre Adventure: Last Survivor	JoJo's Bizarre Adventure (Europe 990927)
karnovr.zip	Fighter's History Dynamite	Karnov's Revenge / Fighter's History Dynamite
kikcubic.zip	Kickle Cubicle / Meikyu Jima	Meikyu Jima (Japan)
kingofb.zip	Ring King	King of Boxer (World)
kontest.zip	ZZZ(notgame):Konami Test Board	Konami Test Board (GX800, Japan)
kovytzy.zip	Knights of Valour: Yi Tong Zhong Yuan	Knights of Valour Super Heroes / San Guo Zhan Ji - Yi Tong Zhong Yuan / Sangoku Senki Super Heroes (SANGO EX+) (ver. 201 'Yitong Zhongyuan', China)
marblmd2.zip	Marble Man: Marble Madness II	Marble Madness II (prototype)
mk2.zip	Mortal Kombat 2	Mortal Kombat II (rev L3.1)
moshougi.zip	Syougi No Tatsujin - Master of Syougi	Shougi no Tatsujin - Master of Shougi
nblktiger.zip	ZZZ(notgame):Neo Black Tiger	Neo Black Tiger (HB, Demo)
neopang.zip	Neo Pong	Neo Pang (HB)
ngfrog.zip	Frog Feast	Neo Frog Feast (HB)
ngmontst.zip	ZZZ(notgame):Monitor Test Patterns Tool	Monitor Test Patterns Tool (v1.3)
ninjamas.zip	Ninja Master's: Haō Ninpō Chō	Ninja Master's - Haoh-ninpo-cho
olds.zip	Oriental Legend Special / Xi You Shi E Zhuan Super	Oriental Legend Super / Xiyou Shi E Zhuan Super (ver. 101, Korean Board)
oldsplus.zip	Oriental Legend Special Plus / Xi You Shi E Zhuan	Oriental Legend 2 (Korea) / Xiyou Shi E Zhuan Qunmo Luanwu (World, China, Japan, Hong Kong, Taiwan) (ver. 205) [Oriental Ex]
openice.zip	2 On 2 Open Ice Challenge	NHL Open Ice: 2 on 2 Challenge (rev 1.21)
pairs.zip	Pairs - Featuring The Giffy Girls	Pairs (V1.2, 09/30/94)
pbobbl2n.zip	Bust-A-Move Again	Puzzle Bobble 2 / Bust-A-Move Again (Neo-Geo)
pbobblen.zip	Bust-a-Move	Puzzle Bobble / Bust-A-Move (Neo-Geo, NGM-083)
pgmdemo.zip	ZZZ(notgame):Chaos Demo	Chaos (PGM Demo)
pistoldm.zip	Pistol Daimyo no Bōken	Pistol Daimyo no Bouken (Japan)
plegends.zip	Power Instinct Legends	Gogetsuji Legends (US, Ver. 95.06.20)
rallybik.zip	Rally Bike / Dash Yarou	Rally Bike (Europe, US) / Dash Yarou (Japan)
riot.zip	Kamniari Kishi Riot	Riot (NMK)
sbishi.zip	Super Bishi Bashi Championship	Super Bishi Bashi Champ (ver JAA, 2 Players)
sfzch.zip	Street Fighter Alpha: Warriors' Dreams	Street Fighter Zero (CPS Changer, Japan 951020)
sonicwi.zip	Sonic Wings Reunion	Sonic Wings (Japan)
spotty.zip	ZZZ(notgame):Spotty	Spotty (Ver. 2.0.2)
srdarwin.zip	Super Real Darwin	SRD: Super Real Darwin (World)
ssideki4.zip	The Ultimate 11: SNK Football Championship	The Ultimate 11 - The SNK Football Championship / Tokuten Ou - Honoo no Libero
strhoop.zip	Street Slam	Street Hoop / Street Slam / Dunk Dream (DEM-004 ~ DEH-004)
sucasino.zip	ZZZ(notgame):Super Casino	Super Casino
suchie2.zip	Idol Janshi Suchie-pai 2	Idol Janshi Suchie-Pai II (ver 1.1)
svc.zip	SVC Chaos - SNK Vs. Capcom	SNK vs. Capcom - SVC Chaos (NGM-2690 ~ NGH-2690)
svcpcb.zip	SVC Chaos - SNK Vs. Capcom	SNK vs. Capcom - SVC Chaos (JAMMA PCB, NEO-MVH MVO PCB)
syscheck.zip	ZZZ(notgame):Neo-geo Bios	Neo System Check (ver 1.0b)
teot.zip	Eye of Typhoon ,The	The Eye of Typhoon (HB, Beta 7 Version)
theglad.zip	The Gladiator / Road Of The Sword / Shen Jian	The Gladiator / Shenjian Fumo Lu / Shenjian Fengyun (M68k label V101) (ARM label V107, ROM 06/06/03 SHEN JIAN V107)
twocrude.zip	Two Crude Dudes	Two Crude (US FT revision 1)
ufosensi.zip	UFO Senshi Yoko-chan	Ufo Senshi Yohko Chan (MC-8123, 317-0064)
wbml.zip	Wonder Boy In Monster Land	Wonder Boy: Monster Land (Japan New Ver., MC-8123, 317-0043)
wldcourt.zip	World Court	Pro Tennis World Court (Japan)
ws.zip	World Stadium	Pro Yakyuu World Stadium (Japan)
